{"cameraMode":{"drawMode":0,"name":"Shaded","section":"Shading Mode"},"sceneLighting":false,"audioPlay":false,"sceneViewState":{"m_AlwaysRefresh":false,"showFog":true,"showSkybox":false,"showFlares":true,"showImageEffects":true,"showParticleSystems":true,"showVisualEffectGraphs":true,"m_FxEnabled":true},"in2DMode":false,"pivot":{"x":-2.0618317127227785,"y":0.7553450465202332,"z":8.374378204345704},"rotation":{"x":0.17698127031326295,"y":-0.6048420071601868,"z":0.14018501341342927,"w":0.7637971639633179},"size":0.3545363247394562,"orthographic":false}